total_questions,hit_rate_at_5,mrr,recall_at_5
22.0,0.3181818181818182,0.18333333333333332,0.26515151515151514
