total_questions,hit_rate_at_5,mrr,recall_at_5
22.0,0.7727272727272727,0.6704545454545454,0.6060606060606061
