total_questions,hit_rate_at_5,mrr,recall_at_5
22.0,0.22727272727272727,0.1340909090909091,0.13636363636363635
