total_questions,hit_rate_at_5,mrr,recall_at_5
22.0,0.8636363636363636,0.4954545454545455,0.6742424242424243
